{"cameraMode":{"drawMode":0,"name":"Shaded","section":"Shading Mode"},"sceneLighting":false,"audioPlay":false,"sceneViewState":{"showFog":true,"showMaterialUpdate":false,"showSkybox":false,"showFlares":true,"showImageEffects":true,"showParticleSystems":true},"in2DMode":false,"pivot":{"x":-114.27434539794922,"y":85.36375427246094,"z":122.34664154052735},"rotation":{"x":-0.2867022752761841,"y":-0.6479524374008179,"z":0.28843581676483157,"w":-0.6440675854682922},"size":22.0,"orthographic":false}