{"cameraMode":{"drawMode":0,"name":"Shaded","section":"Shading Mode"},"sceneLighting":false,"audioPlay":false,"sceneViewState":{"showFog":true,"showMaterialUpdate":false,"showSkybox":false,"showFlares":true,"showImageEffects":true,"showParticleSystems":true},"in2DMode":false,"pivot":{"x":7.195356369018555,"y":-1.7441883087158204,"z":0.946707010269165},"rotation":{"x":-0.12349718064069748,"y":-0.6661577820777893,"z":0.11318716406822205,"w":-0.726780891418457},"size":23.33685874938965,"orthographic":false}