{"cameraMode":{"drawMode":0,"name":"Shaded","section":"Shading Mode"},"sceneLighting":false,"audioPlay":false,"sceneViewState":{"showFog":true,"showMaterialUpdate":false,"showSkybox":false,"showFlares":true,"showImageEffects":true,"showParticleSystems":true},"in2DMode":false,"pivot":{"x":1.9559659957885743,"y":-4.778373718261719,"z":0.2749600410461426},"rotation":{"x":-0.24124985933303834,"y":-0.6672813296318054,"z":0.24343256652355195,"w":-0.6612963676452637},"size":23.334524154663087,"orthographic":false}