{"cameraMode":{"drawMode":0,"name":"Shaded","section":"Shading Mode"},"sceneLighting":false,"audioPlay":false,"sceneViewState":{"showFog":true,"showMaterialUpdate":false,"showSkybox":false,"showFlares":true,"showImageEffects":true,"showParticleSystems":true},"in2DMode":false,"pivot":{"x":-71.56151580810547,"y":5.8648247718811039,"z":136.12667846679688},"rotation":{"x":-0.12157978117465973,"y":-0.6259152293205261,"z":0.0995907187461853,"w":-0.7639437913894653},"size":30.08273696899414,"orthographic":false}