{"cameraMode":{"drawMode":0,"name":"Shaded","section":"Shading Mode"},"sceneLighting":false,"audioPlay":false,"sceneViewState":{"showFog":true,"showMaterialUpdate":false,"showSkybox":false,"showFlares":true,"showImageEffects":true,"showParticleSystems":true},"in2DMode":false,"pivot":{"x":10.525410652160645,"y":2.63321590423584,"z":56.55623245239258},"rotation":{"x":-0.169034942984581,"y":-0.6668877005577087,"z":0.15917286276817323,"w":-0.7081277966499329},"size":25.19124984741211,"orthographic":false}