{"cameraMode":{"drawMode":0,"name":"Shaded","section":"Shading Mode"},"sceneLighting":false,"audioPlay":false,"sceneViewState":{"showFog":true,"showMaterialUpdate":false,"showSkybox":false,"showFlares":true,"showImageEffects":true,"showParticleSystems":true},"in2DMode":false,"pivot":{"x":-7.617090225219727,"y":10.032862663269043,"z":49.506858825683597},"rotation":{"x":-0.18029344081878663,"y":-0.6885033845901489,"z":0.18301250040531159,"w":-0.6782428622245789},"size":12.124975204467774,"orthographic":false}